;eng;arg;its;man;CGDS
eng;0.30851517198723455;0.07836009245401653;0.06783311669671051;0.29737834507349986;0.00041325484603226665
arg;0.0016520898950382612;0.3211758663136175;0.01774102384429265;0.04451504081382951;0.0010579550797990473
its;0.48420659657592285;0.22019819165611357;0.5017749938931652;0.1904681791963084;0.08512751255260648
man;0.2056261415418044;0.3802658495762524;0.4126508655658317;0.46763843491636226;0.9134012775215622
CGDS;0.0;0.0;0.0;0.0;0.0
